Type of Score,Composer Count,Number of Scores Added,First Name,Last Name,Full Name,Gender-Identity,Race,BIPOC,Nationality,Century of Birth,Century,Additional Identities,Birth,Death,Living,DBpedia,Composition Title(s)
Individual Composer,1,1,Keiko,Abe,"Abe, Keiko",Woman,Asian,Y,Japanese,20,20-21,,1937,,Y,https://dbpedia.org/page/Keiko_Abe,Dream of the Cherry Blossoms: For Marimba
Individual Composer,1,1,Michael,Abels,"Abels, Michael ",Man,Black,Y,American,20,20-21,,1962,,Y,https://dbpedia.org/page/Michael_Abels,Homies and popz: a hip-hopera
Individual Composer,1,1,Abrahamsen,Hans,"Abrahamsen, Hans",Man,White,N,Danish,20,20-21,,1952,,Y,https://dbpedia.org/page/Hans_Abrahamsen,Concerto: for horn and orchestra (2018-19)
Individual Composer,1,3,John Luther,Adams,"Adams, John Luther",Man,White,N,American,20,20-21,,1947,,Y,https://dbpedia.org/page/John_Luther_Adams,"(1) Opera Choruses, vol. 1; (2) Opera Choruses, vol. 2; (3) Opera Choruses, vol. 3"
Individual Composer,1,5,H. Leslie,Adams,"Adams, Leslie H.",Man,Black,Y,American,20,20-21,,1932,,Y,https://dbpedia.org/page/Leslie_Adams_(composer),"(1) String quartet in D flat (2003); (2) L'amour éternel: for flute and piano (2012); (3) Sence you went away: from ""Nightsongs"": for medium voice and chamber orchestra  on poetry of James Weldon Johnson: 2019; (4) Twenty-six etudes for solo piano; (5) Collected Songs"
Individual Composer,1,2,Samuel,Adler,"Adler, Samuel ",Man,White,N,German-American,20,20-21,Jewish,1928,,Y,https://dbpedia.org/page/Samuel_Adler_(composer),(1) Duo for eight strings: a duet for violin and viola; (2) Just for two: a duet for oboe and bassoon
Individual Composer,1,1,Kati,Agócs,"Agócs, Kati ",Woman,White,N,Canadian,20,20-21,,1975,,Y,https://dbpedia.org/page/Kati_Ag%C3%B3cs,Thirst and quenching: for solo violin (2020)
Individual Composer,1,1,Andy,Akiho,"Akiho, Andy",Man,Asian,Y,American,20,20-21,Trinidadian,1979,,Y,https://dbpedia.org/page/Andy_Akiho,No One to Know One: For Chamber Ensemble
Individual Composer,1,1,Adrienne,Albert,"Albert, Adrienne ",Woman,White,N,American,20,20-21,,1941,,Y,https://dbpedia.org/page/Adrienne_Albert,Tango alono: for solo oboe
Individual Composer,1,1,Jannet,Alvarado,"Alvarado, Jannet ",Woman,Latinx,Y,Ecuadorian,20,20-21,,1963,,Y,https://id.loc.gov/authorities/names/no2019069063.html,"Yaraví and scherzo: for clarinet, marimba and piano "
Individual Composer,1,1,Kenneth,Amis,"Amis, Kenneth",Man,Black,Y,Bermudian-American,20,20-21,,1970,,Y,https://dbpedia.org/page/Kenneth_Amis,Quintet no. 2 for brass 
Individual Composer,1,2,T. J. (Thomas Jefferson),Anderson,"Anderson, T. J. (Thomas Jefferson) ",Man,Black,Y,American,20,20-21,,1928,,Y,https://id.loc.gov/authorities/names/n84212888.html,"(1) Aurelia, in memoriam: for solo violin: (2020); (2) Shouts (forty improvisations for Eva-Maria): for oboe, violin, cello and piano (1997)"
Individual Composer,1,1,Kimberly,Archer,"Archer, Kimberly ",Woman,White,N,American,20,20-21,,1973,,Y,https://id.loc.gov/authorities/names/no2006016565.html,Fanfare politeia: for wind ensemble 
Individual Composer,1,1,Violet,Archer,"Archer, Violet",Woman,White,N,Canadian,20,20-21,,1913,2000,N,https://dbpedia.org/page/Violet_Archer,Together and Apart: For Mezzo-Soprano and Piano
Individual Composer,1,1,Dominick,Argento,"Argento, Dominick ",Man,White,N,American,20,20-21,,1927,2019,N,https://dbpedia.org/page/Dominick_Argento,"The revelation of Saint John the Divine: rhapsody for tenor, male chorus, brass and percussion "
Individual Composer,1,1,Lera,Auerbach,"Auerbach, Lera ",Woman,White,N,Russian-American,20,20-21,Jewish,1973,,Y,https://dbpedia.org/page/Lera_Auerbach,Sonate: für violoncello solo (2002) 
Individual Composer,1,3,Katherine,Balch,"Balch, Katherine ",Woman,White,N,American,20,20-21,,1991,,Y,https://id.loc.gov/authorities/names/n2018051568.html,(1) Iaspis: for violin scordatura (2013); (2) Cleaning: for violin and latex glove (2020); (3) Dripspin: for flute and piano (2017)
Individual Composer,1,1,Sally,Beamish,"Beamish, Sally ",Woman,White,N,British,20,20-21,,1956,,Y,https://dbpedia.org/page/Sally_Beamish,"Slow movement: for fiddle, harp, strings and harpsichord (20102018) "
Individual Composer,1,1,Jerry,Bergonzi,"Bergonzi, Jerry",Man,White,N,American,20,20-21,,1947,,Y,https://dbpedia.org/page/Jerry_Bergonzi,Hexatonics 
Individual Composer,1,1,Elise,Bertrand,"Bertrand, Elise ",Woman,White,N,French,21,21,,2000,,Y,https://id.loc.gov/authorities/names/no2017160902.html,"Poème, op. 5: pour piano "
Individual Composer,1,1,Lisa,Bielawa,"Bielawa, Lisa ",Woman,White,N,American,20,20-21,,1968,,Y,https://dbpedia.org/page/Lisa_Bielawa,Centuries in the hours: for mezzo-soprano and orchestra (2019) 
Individual Composer,1,1,Eubie,Blake,"Blake, Eubie",Man,Black,Y,American,19,19-20,,1887,1983,N,https://dbpedia.org/page/Eubie_Blake,Shuffle along 
Individual Composer,1,1,Edward,Bland,"Bland, Edward",Man,Black,Y,American,20,20-21,,1926,2013,N,https://dbpedia.org/page/Edward_Bland,Duet no. 1: for bassoon and marimba 
Individual Composer,1,1,Victoria,Bond,"Bond, Victoria ",Woman,White,N,American,20,20-21,,1945,,Y,https://dbpedia.org/page/Victoria_Bond,The Voices of air: for tenor trombone and piano 
Individual Composer,1,2,Margaret,Bonds,"Bonds, Margaret ",Woman,Black,Y,American,20,20,,1913,1972,N,https://dbpedia.org/page/Margaret_Bonds,(1) Two works for solo piano; (2) Spiritual suite: for piano
Individual Composer,1,2,Brandon,Jenni,"Brandon, Jenni",Woman,White,N,American,20,20-21,,1977,,Y,https://id.loc.gov/authorities/names/nr2006013392.html,"(1) Cane: bassoon concerto with reed quintet; 2)Sea quartet: for oboe, clarinet, bassoon and piano"
Individual Composer,1,1,Charlotte,Bray,"Bray, Charlotte ",Woman,White,N,British,20,20-21,,1982,,Y,https://dbpedia.org/page/Charlotte_Bray,The Flight of bitter water: for orchestra (2020) 
Individual Composer,1,5,Leo,Brouwer,"Brouwer, Leo ",Man,Latinx,Y,Cuban,20,20-21,,1939,,Y,https://dbpedia.org/page/Leo_Brouwer,"(1) Motivos de son no. 1: para guitarra (202(1); (2) El Triángulo de las bermudas: para violin, violoncello y piano; (3) Trois nouvelles études: for guitar; 4) Guerra del tiempo: para guitarra y piano; 5)Paisaje cubano con ritua: para clarinete bajo y percusión"
Individual Composer,1,1,Elizabeth C.,Brown,"Brown, Elizabeth C.",Woman,White,N,American,20,20-21,,1953,,Y,https://dbpedia.org/page/Elizabeth_Brown_(musician),(1) Atlantis: for theremin and amplified classical guitar (2007); (2) Arcana: for flute and recorded sound (2004)
Individual Composer,1,1,Kenji,Bunch,"Bunch, Kenji",Man,Asian,Y,American,20,20-21,,1973,,Y,https://dbpedia.org/page/Kenji_Bunch,Symphony No. 2 (Jubilee): For Chorus and Orchestra
Individual Composer,1,1,Henry T.,Burleigh,"Burleigh, Henry T.",Man,Black,Y,American,19,19-20,,1866,1949,N,https://dbpedia.org/page/Harry_Burleigh,"If you but knew, from three songs: for baritone or mezzo soprano with piano accompaniment "
Individual Composer,1,1,Elliott,Carter,"Carter, Elliott ",Man,White,N,American,20,20-21,,1908,2012,N,https://dbpedia.org/page/Elliott_Carter,"Luimen: for trumpet, trombone, harp, mandolin, guitar and vibraphone "
Individual Composer,1,1,Wallace,Cheatham,"Cheatham, Wallace",Man,Black,Y,American,20,20-21,,1945,,Y,,The Umukoro songs: for medium voice and piano (2004) 
Individual Composer,1,1,Yi ,Chen,"Chen, Yi",Woman,Asian,Y,Chinese-American,20,20-21,,1953,,Y,https://dbpedia.org/page/Chen_Yi_(composer),Plum blossom: for piano 
Individual Composer,1,6,Billy,Childs,"Childs, Billy ",Man,Black,Y,American,20,20-21,,1957,,Y,https://dbpedia.org/page/Billy_Childs,(1) String quartet no. 2: awakening; (2) Four portraits: for solo violin; (3) Two elements: for brass quintet and piano (2007); (4) of darkness and light: for orchestra; 5) String quartet #1; 6) Incident on larpenteur avenue: for violin and piano
Individual Composer,1,2,Judith,Cloud,"Cloud, Judith ",Woman,White,N,American,20,20-21,,1954,,Y,https://dbpedia.org/page/Judith_Cloud,"(1) 24 Italian songs and arias for 21st century singers, vol. 1 (1-1(2): for medium and high voice; (2) 24 Italian songs and arias for 21st century singers, vol. 2 (13-24): for medium and high voice"
Individual Composer,1,2,Valerie,Coleman,"Coleman, Valerie",Woman,Black,Y,American,20,20-21,,1970,,Y,https://dbpedia.org/page/Valerie_Coleman,(1) Danza de la Mariposa: For Solo Flute (2) Sonatine: for B flat Clarinet and Piano
Individual Composer,1,2,John,Corigliano,"Corigliano, John ",Man,White,N,American,20,20-21,,1938,,Y,https://dbpedia.org/page/John_Corigliano,(1) Concerto: for piano and orchestra (1968); (2) And the people stayed home: for solo soprano
Individual Composer,1,1,Jean,Coulthard,"Coulthard, Jean",Woman,White,N,Canadian,20,20-21,,1908,2000,N,https://dbpedia.org/page/Jean_Coulthard,Three Persian Quatrains: For Baritone and Piano
Individual Composer,1,1,Courcelle,Francisco,"Courcelle, Francisco",Man,White,N,French,18,18,,1705,1778,N,https://id.loc.gov/authorities/names/no98027636.html,Villancicos y cantadas al Santísimo--Vol. 2. Obras para bajo 
Individual Composer,1,1,Cecilia,Damström,"Damström, Cecilia ",Woman,White,N,Finnish,20,20-21,,1988,,Y,,"Tundo!: for symphony orchestra, op. 49: 201618 "
Individual Composer,1,3,Anthony,Davis,"Davis, Anthony ",Man,Black,Y,American,20,20-21,,1951,,Y,,(1) Central Park Five: Opera in 3 Acts; (2) Dance; (3) Some springs
Individual Composer,1,3,Kevin,Day,"Day, Kevin ",Man,Black,Y,American,20,20-21,,1996,,Y,,(1) Ignition: for low brass quartet (2020); (2) Havana: for wind ensemble (2020); (3) Dancing fire: for wind ensemble
Individual Composer,1,2,Brett,Dean,"Dean, Brett ",Man,White,N,Australian,20,20-21,,1961,,Y,https://dbpedia.org/page/Brett_Dean,"(1) Wolf-lieder: for soprano and chamber orchestra (2006); (2) Seven signals: for violin, clarinet, cello and piano (2019)"
Individual Composer,1,1,Claude,Debussy,"Debussy, Claude ",Man,White,N,French,19,19-20,,1862,1918,N,https://dbpedia.org/page/Claude_Debussy,Œuvres complètes de Claude Debussy
Individual Composer,1,2,Fernande,Decruck,"Decruck, Fernande ",Woman,White,N,French,19,19-20,,1896,1954,N,https://dbpedia.org/page/Fernande_Decruck,(1) Deux berceuses: pour quatuor de saxophones; (2) 3e chant lyrique: pour saxophone alto et piano
Individual Composer,1,1,Emma Lou,Diemer,"Diemer, Emma Lou ",Woman,White,N,American,20,20-21,,1927,2019,N,https://dbpedia.org/page/Emma_Lou_Diemer,Halcyon days: for euphonium and piano (2020) 
Individual Composer,1,1,Gerardo,Dirié,"Dirié, Gerardo ",Man,Latinx,Y,Argentinian,20,20-21,,1958,,Y,,"Overwintering: for soprano, flute, bass clarinet, and piano "
Individual Composer,1,1,Emily,Doolittle,"Doolittle, Emily ",Woman,White,N,Canadian,20,20-21,,1972,,Y,https://dbpedia.org/page/Emily_Doolittle,Woodwings: for wind quintet (2018) 
Individual Composer,1,1,Jonathan,Dove,"Dove, Jonathan ",Man,White,N,British,20,20-21,,1959,,Y,https://dbpedia.org/page/Jonathan_Dove,Catching fire: for piano solo 
Individual Composer,1,2,Yun,Du,"Du, Yun ",Woman,Asian,Y,Chinese,20,20-21,,1977,,Y,,(1) Tattooed in Snow: for string quartet (2014); (2) Vicissitudes no. 1: (2002)
Individual Composer,1,1,Henri,Dutilleux,"Dutilleux, Henri ",Man,White,N,French,20,20-21,,1916,2013,N,https://dbpedia.org/page/Henri_Dutilleux,"Timbres espace, mouvement: ou ""la nuit étoilée"" "
Individual Composer,1,1,Julius,Eastman,"Eastman, Julius ",Man,Black,Y,American,20,20,,1940,1990,N,https://dbpedia.org/page/Julius_Eastman,Piano 2: for solo piano (1986) 
Individual Composer,1,2,S. C. (Sophie-Carmen),Eckhardt-Gramatté,"Eckhardt-Gramatté, S. C. (Sophie-Carmen) ",Woman,White,N,Russian,19,19-20,,1899,1974,N,,"(1) Suite III (suite de mallorca), e. 50: for solo violin; (2) Woodwind trio II, e. 153: for flute, clarinet in b flat and bassoon"
Individual Composer,1,1,Hannah,Eisendle,"Eisendle, Hannah ",Woman,White,N,Austrian,20,20-21,,1993,,Y,,Schwindel haft: für 4 hörner 
Individual Composer,1,4,Reena,Esmail,"Esmail, Reena ",Woman,Asian,Y,Indian-American,20,20-21,,1983,,Y,https://dbpedia.org/page/Reena_Esmail,"(1) Saans (breath): for violin, cello and piano (2017); (2) This love between us, movement V (Hinduism): for mezzo soprano, violin and piano (2020); (3) Rang de basant: for piano (2012); (4) When the violin: for unaccompanied violin"
Individual Composer,1,1,Agustín,Fernández,"Fernández, Agustín ",Man,Latinx,Y,Bolivian,20,20-21,,1958,,Y,,La canción artística Boliviana: Alquimia: ciclo de canciones
Individual Composer,1,1,Graciane,Finzi,"Finzi, Graciane ",Woman,White,N,Moroccan-French,20,20-21,,1945,,Y,https://dbpedia.org/page/Graciane_Finzi,Fantaisie toccata: pour piano quatre mains 
Individual Composer,1,1,Lukas,Foss,"Foss, Lukas ",Man,White,N,German-American,20,20-21,,1922,2009,N,https://dbpedia.org/page/Lukas_Foss,Brass quintet: then the rocks on the mountain began to shout. Charles Ives 
Individual Composer,1,2,Jürg,Frey,"Frey, Jürg",Man,White,N,Swiss,20,20-21,,1953,,Y,https://dbpedia.org/page/J%C3%BCrg_Frey,"(1) Klavierstuck; (2) Klavierstück Arrangement I, II, III: Klavier; (3) Sam Lazaro bros."
Individual Composer,1,2,Dai,Fujikura,"Fujikura, Dai",Man,Asian,Y,Japanese,20,20-21,,1977,,Y,https://dbpedia.org/page/Dai_Fujikura,Deconstructing Franz: For String Quartet
Individual Composer,1,3,Vivian,Fung,"Fung, Vivian ",Woman,Asian,Y,Canadian,20,20-21,,1975,,Y,https://dbpedia.org/page/Vivian_Fung,(1) Birdsong: For Violin and Piano; (2) Humanoid: (2017) for solo violoncello and electronics; (3) Clarinet quintet: frenetic memories: for clarinet in B♭ and string quartet
Individual Composer,1,1,Demian,Galindo,"Galindo, Demian ",Man,Latinx,Y,Mexican,20,20-21,,1980,,Y,,La piñata: for cello and piano 
Individual Composer,1,1,Orlando Jacinto,Garcia,"Garcia, Orlando Jacinto",Man,Latinx,Y,Cuban-American,20,20-21,,1954,,Y,https://dbpedia.org/page/Orlando_Jacinto_Garcia,(1) Auschwitz (They Will Never Be Forgotten); Varadero Memories; in Memoriam Earle Browne (2) I Never Saw Another Butterfly: For String Quartet
Individual Composer,1,2,Stacy,Garrop,"Garrop, Stacy ",Woman,White,N,American,20,20-21,,1969,,Y,,(1) Blurrr: for orchestra (2003); (2) The solitude of stars: for piano
Individual Composer,1,1,Philip,Glass,"Glass, Philip ",Man,White,N,American,20,20-21,,1937,,Y,https://dbpedia.org/page/Philip_Glass,Passacaglia for solo piano: (2017) 
Individual Composer,1,1,Gourzi,Konstantia,"Gourzi, Konstantia",Woman,White,N,Greek,20,20-21,,1962,,Y,https://dbpedia.org/page/Konstantia_Gourzi,"Mykene, op. 17: 7 miniatures for orchestra (2002) "
Individual Composer,1,1,Nicolás,Gutiérrez,"Gutiérrez, Nicolás ",Man,Latinx,Y,Colombian,20,20-21,,1993,,Y,,The Catalan art song = La canción artística en catalán: Signat l'amic del cor 
Individual Composer,1,1,Daron,Hagen,"Hagen, Daron ",Man,White,N,American,20,20-21,,1961,,Y,https://dbpedia.org/page/Daron_Hagen,Little Nemo in Slumberland: a magic opera in two acts 
Individual Composer,1,3,Adolphus C.,Hailstork,"Hailstork, Adolphus C. ",Man,Black,Y,American,20,20-21,,1941,,Y,https://dbpedia.org/page/Adolphus_Hailstork,"(1) Symphony no. 2 (1998); (2) Yuhwa (the goddess of the willow trees): for solo flute (2019); (3) Deux chansons: for soprano, clarinet and piano"
Individual Composer,1,1,John,Harbison,"Harbison, John ",Man,White,N,American,20,20-21,,1938,,Y,https://dbpedia.org/page/John_Harbison,Suite for solo violin: on soggetti cavati 
Individual Composer,1,1,Lou,Harrison,"Harrison, Lou ",Man,White,N,American,20,20-21,,1917,2003,N,https://dbpedia.org/page/Lou_Harrison,"Air in g minor: for flute alone, or with drone "
Individual Composer,1,2,Jennifer,Higdon,"Higdon, Jennifer ",Woman,White,N,American,20,20-21,,1962,,Y,https://dbpedia.org/page/Jennifer_Higdon,"(1) Grace: from the string quartet ""Voices"": 1993; (2) Harp concerto"
Individual Composer,1,1,Dorothy,Hindman,"Hindman, Dorothy ",Woman,White,N,American,20,20-21,,1966,,Y,https://dbpedia.org/page/Dorothy_Hindman,Contents under pressure: for reed quintet (2019) 
Individual Composer,1,1,Holt,Nora,"Holt, Nora",Woman,Black,Y,American,19,19-20,,1885,1974,N,https://dbpedia.org/page/Nora_Holt,"Nora's dance, op. 25 no. 1: for piano "
Individual Composer,1,1,Charles E.,Ives,"Ives, Charles E.",Man,White,N,American,19,19-20,,1874,1954,N,https://dbpedia.org/page/Charles_Ives,Piano Studies: Shorter Works for Piano:
Individual Composer,1,1,Jolas,Betsy,"Jolas, Betsy",Woman,White,N,Franco-American,20,20-21,,1926,,Y,https://dbpedia.org/page/Betsy_Jolas,Trumpet thoughts for Cheltenham: for solo C trumpet (2019) 
Individual Composer,1,1,Ulysses,Kay,"Kay, Ulysses ",Man,Black,Y,American,20,20,,1917,1995,N,https://dbpedia.org/page/Ulysses_Kay,Pietá: for English horn and string orchestra 
Individual Composer,1,1,Aaron Jay,Kernis,"Kernis, Aaron Jay",Man,White,N,American,20,20-21,,1960,,Y,https://dbpedia.org/page/Aaron_Jay_Kernis,Elegy (to those we lost): for piano solo (2020) 
Individual Composer,1,1,Annette,Kruisbrink,"Kruisbrink, Annette ",Woman,White,N,Dutch,20,20-21,,1958,,Y,https://dbpedia.org/page/Annette_Kruisbrink,MMXX: for solo guitar 
Individual Composer,1,1,Lori,Laitman,"Laitman, Lori ",Woman,White,N,American,20,20-21,,1955,,Y,https://dbpedia.org/page/Lori_Laitman,The Imaginary photo album: four songs for soprano and piano 
Individual Composer,1,14,David A.,Lang,"Lang, David A. ",Man,White,N,American,20,20-21,,1957,,Y,https://dbpedia.org/page/David_Lang_(composer),"(1) Prayers for night and sleep: for soprano, solo cello, string orchestra and percussion or soprano, solo cello, string quintet and percussion; (2) Anatomy theatre; (3) Battle hymns: for small or large chorus plus one military drum; (4) Love fail: for four singers; (5) Gift: viola and guitar; (6) Man made: solo percussion quartet and orchestra, 2013; (7) Mountain: for orchestra; (8) Super chill; (9) Darker: for 12 solo strings; (10) Symphony without a hero; (11) Harmony and understanding: for orchestra; (12) How to pray: for orchestra: 2002; (13 Ark luggage: for soprano and string quartet (2012); (14) Prisoner of the state: opera (2019)"
Individual Composer,1,1,Lara,Ana,"Lara, Ana",Woman,Latinx,Y,Mexican,20,20-21,,1959,,Y,https://dbpedia.org/page/Ana_Lara,Koaiá: for cello (1995-1996) 
Individual Composer,1,1,Larsen,Libby,"Larsen, Libby",Woman,White,N,American,20,20-21,,1950,,Y,https://dbpedia.org/page/Libby_Larsen,"This unbearable stillness - songs from the balcony: for soprano, percussion, celeste and string orchestra "
Individual Composer,1,1,Anne,LeBaron,"LeBaron, Anne ",Woman,White,N,American,20,20-21,,1953,,Y,https://dbpedia.org/page/Anne_LeBaron,After a dammit to hell: for bassoon (1982) 
Individual Composer,1,2,James,Lee III,"Lee III, James ",Man,Black,Y,American,20,20-21,,1975,,Y,,(1) Chôro sem tristeza: for flute (2008); (2) Set me as a seal: for voice & piano
Individual Composer,1,3,Jaime,León,"León, Jaime ",Man,Latinx,Y,Colombian,20,20-21,,1921,2015,N,,"(1) Ciclo de canciones infantiles = Children song cycle: Pequeña pequeñita; (2) La canción artística colombiana: Jaime León, análisis y compilación de su obra para voz y piano = The Colombian art song: Jaime León, analysis and compilation of his works for voice and piano; (3) La canción artística colombiana: Jaime León, análisis y compilación de su obra para voz y piano = The Colombian art song: Jaime León, analysis and compilation of his works for voice and piano"
Individual Composer,1,5,Tania,León,"León, Tania",Woman,Black,Y,Cuban-American,20,20-21,,1943,,Y,https://dbpedia.org/page/Tania_Le%C3%B3n,"(1) One mo' time: for flute, clarinet in Bb, violin, cello, and piano; (2) Saoko: for brass quintet; (3) Del caribe, soy!: for flute and piano; (4) Atwood songs: for soprano and piano; (5) De memorias: for woodwind quintet"
Individual Composer,1,1,Bun-Ching,Lam,"Lam, Bun-Ching",Woman,Asian,Y,Chinese-American,20,20-21,,1954,,Y,https://dbpedia.org/page/Lam_Bun-Ching,"Four Beckett Songs: For Soprano, Clarinet, Violin and Percussion"
Individual Composer,1,1,Liza,Lim,"Lim, Liza ",Woman,Asian,Y,Australian,21,21,,1968,,Y,https://dbpedia.org/page/Liza_Lim,Bioluminescence: for solo flute: 2019 
Individual Composer,1,3,Wynton,Marsalis,"Marsalis, Wynton ",Man,Black,Y,American,20,20-21,,1961,,Y,https://dbpedia.org/page/Wynton_Marsalis,"(1) A Fiddler's tale: for clarinet, bassoon, cornet, trombone, percussion, violin and bass; (2 Fiddle dance suite: for solo violin; (3) Swing symphony: for jazz band and orchestra (2010)"
Individual Composer,1,2,Pamela J.,Marshall,"Marshall, Pamela J. ",Woman,White,N,American,20,20-21,,1954,,Y,,"(1) Truth becoming: string quartet no. 1 (2002); (2) Quinteto sobre los poemas de Carlos pintado: for violin, viola, cello, double bass and piano"
Individual Composer,1,1,Missy,Mazzoli,"Mazzoli, Missy ",Woman,White,N,American,20,20-21,,1980,,Y,https://dbpedia.org/page/Missy_Mazzoli,"Strange dreams, from proving up: for mezzo-soprano and piano "
Individual Composer,1,1,Jessie,Montgomery,"Montgomery, Jessie ",Woman,Black,Y,American,20,20-21,,1981,,Y,https://dbpedia.org/page/Jessie_Montgomery,Rhapsody no. 2: for solo violin 
Individual Composer,1,2,Dorothy Rudd,Moore,"Moore, Dorothy Rudd ",Woman,Black,Y,American,20,20-21,,1940,,Y,https://dbpedia.org/page/Dorothy_Rudd_Moore,"(1) Dream and Variations: For Piano Solo; (2) Voices from the light: for women's chorus, oboe, string quartet and piano (1997); (3) Frederick Douglass: an opera in three acts; (4 Sonnets on love, rosebuds, and death: for high voice, violin, and piano (1976); (5) Modes: for string quartet: 1968; (6) Dirge and deliverance: for cello and piano: 1971; (6) Transcension: ""I have been to the mountaintop"": for chamber orchestra; (7) Night fantasy: for B♭ clarinet and piano; (8) From the dark tower"
Individual Composer,1,1,Jeffrey,Mumford,"Mumford, Jeffrey ",Man,Black,Y,American,20,20-21,,1955,,Y,https://dbpedia.org/page/Jeffrey_Mumford,Fragments from the surrounding evening: for solo piano 
Individual Composer,1,1,Thea,Musgrave,"Musgrave, Thea",Woman,White,N,Scottish,20,20-21,,1928,,Y,https://dbpedia.org/page/Thea_Musgrave,Light at the end of the tunnel: solo for viola (2020) 
Individual Composer,1,5,Johanny,Navarro,"Navarro, Johanny ",Woman,Latinx,Y,Puerto Rican,20,20-21,Afro-Caribbean,1992,,Y,,(1) Héroes de un sueño: for trombone quartet; (2) Celebration: for piano trio; (3) Conflagración de deseos = Conflagration of desires; (4) Guakía Baba: Padre Nuestro en Taíno = (The Lord's Prayer in Taino); (5) Son a papa
Individual Composer,1,1,Olga,Neuwirth,"Neuwirth, Olga ",Woman,White,N,Austrian,20,20-21,,1968,,Y,https://dbpedia.org/page/Olga_Neuwirth,"volutasospeso: für Bassetthorn, Klarinette, Violine, Violoncello, Klavier und Percussion: 1999 "
Individual Composer,1,2,Cait,Nishimura,"Nishimura, Cait ",Woman,Asian,Y,Canadian,20,20-21,,1991,,Y,,(1) Lake superior suite: for concert band (2018); (2) Alpine meadow: for concert band (2020)
Individual Composer,1,1,Andrew,Norman,"Norman, Andrew ",Man,White,N,American,20,20-21,,1979,,Y,https://dbpedia.org/page/Andrew_Norman,Play 
Individual Composer,1,1,Arvo,Pärt,"Pärt, Arvo ",Man,White,N,Estonian,20,20-21,,1935,,Y,https://dbpedia.org/page/Arvo_P%C3%A4rt,"Sequentia: für violine, schlagzeug und streichorchester (20052019) "
Individual Composer,1,1,Stephen,Paulus,"Paulus, Stephen",Man,White,N,American,20,20-21,,1949,2014,N,https://dbpedia.org/page/Stephen_Paulus,"The Long shadow of Lincoln: for bass-baritone, violin, violoncello and piano "
Individual Composer,1,1,Alla,Pavlova,"Pavlova, Alla ",Woman,White,N,Russian,20,20-21,Ukrainian,1952,,Y,https://dbpedia.org/page/Alla_Pavlova,Symphony no. 10: path to the golden gate 
Individual Composer,1,1,Coleridge-Taylor,Perkinson,"Perkinson, Coleridge-Taylor",Man,Black,Y,American,20,20-21,,1932,2004,N,https://dbpedia.org/page/Coleridge-Taylor_Perkinson,Movement: for string trio 
Individual Composer,1,7,Zenobia Powell,Perry,"Perry, Zenobia Powell ",Woman,Black,Y,American,20,20-21,,1908,2004,N,https://dbpedia.org/page/Zenobia_Powell_Perry,"(1) War time, from the opera Tawawa House: for 2 trumpets, snare and bass; (2) Sonatine: for piano solo (1962); (3) The Cottage: for soprano and piano (1965); (4) Nocturne: for piano solo (1961); (5) Pastels: for orchestra (1986); (6) Fire music from the opera tarawa house: for solo piano; (7) Four mynyms for three players: for flute, b flat clarinet and piano"
Individual Composer,1,1,Astor,Piazzolla,"Piazzolla, Astor ",Man,Latinx,Y,Argentinian,20,20,,1921,1992,N,https://dbpedia.org/page/Astor_Piazzolla,Libertango: für Salonensemble 
Individual Composer,1,8,Florence Beatrice,Price,"Price, Florence Beatrice ",Woman,Black,Y,American,19,19-20,,1888,1953,N,https://dbpedia.org/page/Florence_Price,(1) Thumbnail sketches of a day in the life of a washerwoman: for piano solo; (2 Adoration: for violin or viola and piano; (3) Seven descriptive pieces: for piano solo; (4) Whim wham: for piano solo; (5) Joy in June: for piano solo; (6) Three miniature portraits of Uncle Ned: for piano solo; (7) Child asleep: for piano solo; (8) Passacaglia and fugue; short organ works
Individual Composer,1,2,Kevin,Puts,"Puts, Kevin ",Man,White,N,American,20,20-21,,1972,,Y,https://dbpedia.org/page/Kevin_Puts,"(1) The brightness of light: for soprano, baritone and orchestra; (2) Elizabeth Cree: a chamber opera in one act"
Individual Composer,1,1,Shulamit,Ran,"Ran, Shulamit ",Woman,White,N,Israeli-American,20,20-21,,1949,,Y,https://dbpedia.org/page/Shulamit_Ran,"Excursions: for violin, cello and piano "
Individual Composer,1,1,Silvestre,Revueltas,"Revueltas, Silvestre ",Man,Latinx,Y,Mexican,19,19-20,,1899,1940,N,https://dbpedia.org/page/Silvestre_Revueltas,"Es verdad (it is true), from two songs: for medium voice and piano "
Individual Composer,1,1,Vicente,Ripollés,"Ripollés, Vicente ",Man,Latinx,Y,Spanish,19,19-20,,1867,1943,N,,Música en torno al Motu proprio para la catedral de Sevilla.
Individual Composer,1,1,Willy de,Rothschild,"Rothschild, Willy de ",Woman,White,N,German,19,19-20,,1832,1924,N,,Sechs lieder (1897) 
Individual Composer,1,1,Huang,Ruo,"Ruo, Huang",Man,Asian,Y,Chinese,20,20-21,,1976,,Y,https://dbpedia.org/page/Huang_Ruo,Four Fragments: For Solo Cello
Individual Composer,1,2,Frederic,Rzewski,"Rzewski, Frederic ",Man,White,N,American,20,20-21,,1938,2021,N,https://dbpedia.org/page/Frederic_Rzewski,(1) Mollitude: flute; (2) Dreams: for piano solo (2012-2014)
Individual Composer,1,1,Kaija,Saariaho,"Saariaho, Kaija ",Woman,White,N,Finnish,20,20-21,,1952,,Y,https://dbpedia.org/page/Kaija_Saariaho,Light still and moving: for flute and kantele: (2016) 
Individual Composer,1,2,Joseph Bologne,Saint-Georges,"Saint-Georges, Joseph Bologne ",Man,Black,Y,French,18,18,,1745,1799,N,,"(1) Symphonie concertante in f, op. 10, no. 1; (2) L'amant anonyme = (The anonymous lover)"
Individual Composer,1,1,Fazıl,Say,"Say, Fazıl ",Man,White,N,Turkish,20,20-21,,1970,,Y,https://dbpedia.org/page/Faz%C4%B1l_Say,"İstanbul'da kış Sabahı = Winter morning in Istanbul: for piano four hands = Wintermorgen in Istanbul: für Klavier zu vier Händen = Matin d'hiver à Istanbul: pour piano a quattre mains, op. 51b (2012) "
Individual Composer,1,1,Jeff,Scott,"Scott, Jeff",Man,Black,Y,American,20,20-21,,1967,,Y,,Elegy for Innocence: For Bassoon and Piano
Individual Composer,1,1,Susannah,Self,"Self, Susannah ",Woman,White,N,British,20,20-21,,20--,,Y,,"Two sacred duets from the opera artemisia: for soprano, mezzo soprano and piano (2020) "
Individual Composer,1,5,Carlos,Simon,"Simon, Carlos ",Man,Black,Y,American,20,20-21,,1986,,Y,,"(1) Let America be America again: for soprano and string quartet (2017); (2) Catch on fire: for saxophone quartet (2019); (3) Fate now conquers: for orchestra (2020); (4) Be still and know: for violin, cello, and piano ; (5) Night trip: chamber opera"
Individual Composer,1,2,Alvin,Singleton,"Singleton, Alvin ",Man,Black,Y,American,20,20-21,,1940,,Y,https://dbpedia.org/page/Alvin_Singleton,"(1) Ein kleines Volkslied: for bass clarinet, vibraphone, electric guitar, piano, 'cello and double bass; (2) Again: for chamber orchestra (1979)"
Individual Composer,1,1,Howard,Skempton,"Skempton, Howard ",Man,White,N,British,20,20-21,,1947,,Y,https://dbpedia.org/page/Howard_Skempton,24 preludes and fugues: solo piano 
Individual Composer,1,1,Gabriella,Smith,"Smith, Gabriella ",Woman,White,N,American,20,20-21,,1991,,Y,https://dbpedia.org/page/Gabriella_Smith,Imaginary pancake: for solo piano (2020) 
Individual Composer,1,1,Hale,Smith,"Smith, Hale ",Man,Black,Y,American,20,20-21,,1925,2009,N,https://dbpedia.org/page/Hale_Smith,Music for harp and orchestra 
Individual Composer,1,1,Linda Catlin,Smith,"Smith, Linda Catlin ",Woman,White,N,Canadian,20,20-21,,1957,,Y,https://dbpedia.org/page/Linda_Catlin_Smith,Orient point: for string orchestra (2016) 
Individual Composer,1,1,Ethel,Smyth,"Smyth, Ethel ",Woman,White,N,British,19,19-20,,1858,1944,N,https://dbpedia.org/page/Ethel_Smyth,"The prison: symphony for soprano and bass-baritone soli, chorus (S.C.T.B.) and orchestra "
Individual Composer,1,1,Bent,Sørensen,"Sørensen, Bent ",Man,White,N,Danish,20,20-21,,1958,,Y,https://dbpedia.org/page/Bent_S%C3%B8rensen_(composer),Second symphony: (2016-2019) 
Individual Composer,1,1,William Grant,Still,"Still, William Grant ",Man,Black,Y,American,20,20-21,,1895,1978,N,https://dbpedia.org/page/William_Grant_Still,Serenade: for orchestra 
Individual Composer,1,1,Gottfried Heinrich,Stölzel,"Stölzel, Gottfried Heinrich ",Man,White,N,German,17,17-18,,1690,1749,N,https://dbpedia.org/page/Gottfried_Heinrich_St%C3%B6lzel,Die leidende und am Creutz sterbende Liebe Jesu
Individual Composer,1,1,Dun,Tan,"Tan, Dun",Man,Asian,Y,Chinese,20,20-21,,1957,,Y,https://dbpedia.org/page/Tan_Dun,Prayer and blessing: for string quartet and soprano (or: for any instrument and voice) (2020) 
Individual Composer,1,1,Karen,Tanaka,"Tanaka, Karen ",Woman,Asian,Y,Japanese,20,20-21,,1961,,Y,https://dbpedia.org/page/Karen_Tanaka,"Wind whisperer: for flute, viola and harp "
Individual Composer,1,1,Evangelina,Telfar,"Telfar, Evangelina ",Woman,White,N,New Zealander,20,20-21,,u,,Y,,Eclipse: for soprano dizi and zheng 
Individual Composer,1,5,Richard O.,Thompson,"Thompson, Richard O.",Man,Black,Y,Scottish-American,20,20-21,,1950,,Y,,(1) The shadow of dawn: five poems of Paul Laurence Dunbar: for high voice and piano: 2000; (2) Songs of passion: for soprano and piano (2014); (3) Lemuria fantasy: for piano (1996); (4) Six preludes: for solo piano (2004); (5) The Mask in the mirror: the courtship and marriage of Paul Laurence Dunbar and Alice Ruth Moore (2012)
Individual Composer,1,3,Frederick,Tillis,"Tillis, Frederick ",Man,Black,Y,American,20,20-21,,1930,2020,N,https://dbpedia.org/page/Frederick_C._Tillis,"(1) Passacaglia: For Brass Quintet (2) Song for Sister Hokkaido: For Brass Quintet and Latin Percussion; (3) For the victims and survivors of September 11: for jazz orchestra and narrator; (4) Ring shout concerto (1973-74); (5) Pastorale: for wind ensemble (1974); (6) In the spirit and the flesh; (7) Concerto for piano (jazz trio) and symphony orchestra: 1979, Rev. 1982"
Individual Composer,1,1,Michael,Torke,"Torke, Michael ",Man,White,N,American,20,20-21,,1961,,Y,https://dbpedia.org/page/Michael_Torke,Being 
Individual Composer,1,1,Alba Fernanda,Triana,"Triana, Alba Fernanda ",Woman,Latinx,Y,Colombian,20,20-21,,u,,Y,,Antiphony: for solo cello 
Individual Composer,1,2,Irma,Urteaga,"Urteaga, Irma ",Woman,Latinx,Y,Argentinian,20,20-21,,1929,,Y,https://dbpedia.org/page/Irma_Urteaga,"(1) Elegía a los silencios: para voz, violoncelo y piano (2012); (2) La canción artística argentina:  obras completas para voz y piano = The Argentinian art song: complete works for voice and piano"
Individual Composer,1,1,Jacinto,Valledor,"Valledor, Jacinto ",Man,Latinx,Y,Spanish,18,18-19,,1744,ca.1809 ,N,https://dbpedia.org/page/Jacinto_Valledor,Tonadillas
Individual Composer,1,4,Adriana,Verdié,"Verdié, Adriana ",Woman,Latinx,Y,Argentinian,20,20-21,,1958,,Y,,(1) O.C.T.E.T.: for brass ensemble; (2) Triptych: for brass quartet; (3) ...de mujeres y elementos...: for mezzo soprano and piano; (4) Tiempo de mariposas
Individual Composer,1,3,George,Walker,"Walker, George ",Man,Black,Y,American,20,20-21,,1922,2018,N,https://dbpedia.org/page/George_Walker_(composer),(1) Dialogus: for cello & orchestra (19761996); (2) Abu: for narrators and chamber ensemble; (3) An Eastman overture: for orchestra (1983)
Individual Composer,1,1,Gwyneth,Walker,"Walker, Gwyneth ",Woman,White,N,American,20,20-21,,1947,,Y,https://dbpedia.org/page/Gwyneth_Walker,Love shall live forever: for high voice and piano 
Individual Composer,1,1,Errollyn,Wallen,"Wallen, Errollyn",Woman,Black,Y,British,20,20-21,Belizean,1958,,Y,https://dbpedia.org/page/Errollyn_Wallen,Daedalus: For Mezzo-Soprano and String Quartet
Individual Composer,1,1,Katharina,Weber,"Weber, Katharina ",Woman,White,N,Swiss,20,20-21,,1958,,Y,,"Klaviertrio II: zehn neue szenen für violine, cello und klavier (2018-19) "
Individual Composer,1,2,Richard,Wernick,"Wernick, Richard ",Man,White,N,American,20,20-21,,1934,,Y,https://dbpedia.org/page/Richard_Wernick,"(1) Viola concerto (do not go gentle) (1986); (2) ""And on the seventh day ..."": a service for Sabbath Eve: for cantor and percussion (three players and a timpanist)"
Individual Composer,1,1,Beth,Wiemann,"Wiemann, Beth ",Woman,White,N,American,20,20-21,,1959,,Y,,Hammer on: for bass trombone and piano (2019) 
Individual Composer,1,1,Marcus,Wilcher,"Wilcher, Marcus",Man,Black,Y,American,20,20-21,,1985,,Y,,Shades: for bass trombone and piano (2009) 
Individual Composer,1,1,Evan,Williams,"Williams, Evan ",Man,Black,Y,American,20,20-21,,1988,,Y,,Black Waters: for saxophone quartet 
Individual Composer,1,9,Grace,Williams,"Williams, Grace ",Woman,White,N,Welsh,20,20,,1906,1977,N,https://dbpedia.org/page/Grace_Williams,(1) Symphony No. 2; (2) Symphony No. 1: Centenary edition; (3) Sonata for violin; (4) Ballads; (5) Castell Caernarfon; (6) Violin concerto; (7) Four mediaeval Welsh poems; (8) Suite for string orchestra; (9) Elegy for strings
Individual Composer,1,7,Julia,Wolfe,"Wolfe, Julia ",Woman,White,N,American,20,20-21,,1958,,Y,https://dbpedia.org/page/Julia_Wolfe,(1) Stronghold: for eight double basses; (2) Anthracite fields; (3) With a blue dress on: 5 violin version (full score); (4) With a blue dress on:  5 violin version (parts); (5) East Broadway: for piano; (6) Wind in my hair: (cello concerto); (7) The Vermeer room 
Individual Composer,1,1,Charles,Wuorinen,"Wuorinen, Charles ",Man,White,N,American,20,20-21,,1938,,Y,https://dbpedia.org/page/Charles_Wuorinen,Megalith: for piano and 15 players 
Individual Composer,1,1,Victoria,Yagling,"Yagling, Victoria ",Woman,White,N,Russian,20,20-21,,1946,2011,N,,Cello concerto no. 2 (1983-84) 
Individual Composer,1,1,Katherine,Young,"Young, Katherine ",Woman,White,N,American,20,20-21,,1980,,Y,,"Camilles: for saxophone, electric guitar, piano, percussion, feedback and no-input mixers (2019) "
Individual Composer,1,3,Evan,Ziporyn,"Ziporyn, Evan ",Man,White,N,American,20,20-21,,1959,,Y,https://dbpedia.org/page/Evan_Ziporyn,(1) Kekembangan: for Balinese gamelan gon kebyar and saxophone quartet; (2) Impulse control: concerto for drum set and wind ensemble; (3) Gymnopédies XYZ
Collected Works/Series,1,1,Gregor,Aichinger,"Aichinger, Gregor ",Man,White,N,German,16,16-17,,1564,1628,N,https://dbpedia.org/page/Gregor_Aichinger,Lacrumae divae virginis et Joannis in Christum a cruce depositum: (1604)
Collected Works/Series,1,9,Carl Philipp Emanuel,Bach,"Bach, Carl Philipp Emanuel ",Man,White,N,German,18,18,,1714,1788,N,https://dbpedia.org/page/Carl_Philipp_Emanuel_Bach,"The complete works (ser.1 v.6.2, ser.3 v.9.10, ser..3 v.10, ser.3 v.9.12,  v.4 facsim. suppl., ser.4 v.2, ser.4 v.4.4, ser.4 v.5.4, ser.4 v.6.4, ser.6 facsim. suppl.)"
Collected Works/Series,1,1,Béla,Bartók,"Bartók, Béla ",Man,White,N,Hungarian,19,19-20,,1881,1945,N,https://dbpedia.org/page/B%C3%A9la_Bart%C3%B3k,Complete critical edition = Zeneműveinek kritikai összkiadása = Kritische Gesamtausgabe (Bd. 40-41)
Collected Works/Series,1,5,Ludwig van,Beethoven,"Beethoven, Ludwig van ",Man,White,N,German,18,18-19,,1770,1827,N,https://dbpedia.org/page/Ludwig_van_Beethoven,"(1) Chamber arrangements of Beethoven's symphonies (v. 78, op. 60, v. 79, op. 68); (2) Werke (Abt. 1: Bd. 5)"
Collected Works/Series,1,1,Georg,Benda,"Benda, Georg ",Man,White,N,Czech,18,18,,1722,1795,N,https://dbpedia.org/page/Georg_Benda,Philon und Theone
Collected Works/Series,1,1,Antonio Maria,Bononcini,"Bononcini, Antonio Maria ",Man,White,N,Italian,17,17-18,,1677,1726,N,https://dbpedia.org/page/Antonio_Maria_Bononcini,"Six chamber cantatas (1708): works for soprano or alto with two flutes, bassoon, and basso continuo from A-Wn, Mus.Hs.17587"
Collected Works/Series,1,2,Johannes,Brahms,"Brahms, Johannes ",Man,White,N,German,19,19,,1833,1897,N,https://dbpedia.org/page/Johannes_Brahms,"Neue Ausgabe sämtlicher Werke (Ser. 5: Bd. 5, Ser. 6: Bd. 1)"
Collected Works/Series,1,1,Petrus Hercules,Brehy,"Brehy, Petrus Hercules ",Man,White,N,Flemmish,17,17-18,,1673,1737,N,https://id.loc.gov/authorities/names/nr89002678.html,"Instrumental works: from the Library of the Royal Conservatories, Brussels"
Collected Works/Series,1,1,G. W.,Chadwick,"Chadwick, G. W. ",Man,White,N,American,19,19-20,,1854,1931,N,,The padrone
Collected Works/Series,1,1,Aaron,Copland,"Copland, Aaron ",Man,White,N,American,20,20,Jewish,1900,1990,N,https://dbpedia.org/page/Aaron_Copland+R166,Appalachian spring: original ballet version 
Collected Works/Series,1,1,Christoph Willibald,Gluck,"Gluck, Christoph Willibald ",Man,White,N,German,18,18,,1714,1878,N,https://dbpedia.org/page/Christoph_Willibald_Gluck,Sämtliche Werke
Collected Works/Series,1,4,George Frideric,Handel,"Handel, George Frideric ",Man,White,N,German,17,17-18,,1685,1759,N,https://dbpedia.org/page/George_Frideric_Handel,"Hallische Händel-Ausgabe: kritische Gesamtausgabe (Ser. 1: Bd. 4.1, Ser. 2: Bd. 14.1-14-2, Ser. 2: Bd. 37)"
Collected Works/Series,1,1,Joseph,Haydn,"Haydn, Joseph ",Man,White,N,Austrian,18,18-19,,1732,1809,N,https://dbpedia.org/page/Joseph_Haydn,Werke: Kritischer Bericht
Collected Works/Series,1,2,Andreas,Hofer,"Hofer, Andreas",Man,White,N,German,17,17,,ca.1628,1684,N,,"Ver sacrum seu flores musici (Salzburg, 1677) (Pt. 1, pt. 2)"
Collected Works/Series,1,1,Leoš,Janáček,"Janáček, Leoš ",Man,White,N,Czech,18,18-19,,1854,1928,N,https://dbpedia.org/page/Leo%C5%A1_Jan%C3%A1%C4%8Dek,Souborné kritické vydání děl Leoše Janáčka = Kritische Gesamtausgabe der Werke von Leoš Janáček = Complete critical edition of the works of Leoš Janáček.
Collected Works/Series,1,1,Johann Sigismund,Kusser,"Kusser, Johann Sigismund ",Man,White,N,German,17,17-18,,1660,1727,N,,Serenatas for Dublin
Collected Works/Series,1,1,Henry,Lawes,"Lawes, Henry ",Man,White,N,British,16,16-17,,1596,1662,N,https://dbpedia.org/page/Henry_Lawes,Sacred music
Collected Works/Series,1,2,Jean-Baptiste,Lully,"Lully, Jean-Baptiste ",Man,White,N,French,17,17,,1632,1687,N,https://dbpedia.org/page/Jean-Baptiste_Lully,"Œuvres complètes (Ser.1:v.3, Ser.1:v.3 vocal)"
Collected Works/Series,1,1,Gustav,Mahler,"Mahler, Gustav ",Man,White,N,Austrian,19,19-20,,1860,1911,N,https://dbpedia.org/page/Gustav_Mahler,"Symphonie nr. 3: für alt-solo, knabenchor, frauenchor und orchester"
Collected Works/Series,1,2,Felix,Mendelssohn-Bartholdy,"Mendelssohn-Bartholdy, Felix ",Man,White,N,German,19,19,Jewish,1809,1847,N,https://dbpedia.org/page/Felix_Mendelssohn,"Leipziger Ausgabe der Werke von Felix Mendelssohn Bartholdy (Ser.1:Bd.10, Ser.7:Bd.3)"
Collected Works/Series,1,1,Henry,Purcell,"Purcell, Henry ",Man,White,N,British,17,17,,1659,1695,N,https://dbpedia.org/page/Henry_Purcell,The works of Henry Purcell
Collected Works/Series,1,1,Jean-Philippe,Rameau,"Rameau, Jean-Philippe ",Man,White,N,French,17,17-18,,1683,1764,N,https://dbpedia.org/page/Jean-Philippe_Rameau,Opera omnia
Collected Works/Series,1,1,Arnold,Schoenberg,"Schoenberg, Arnold ",Man,White,N,Austrian-American,19,19-20,Jewish,1874,1951,N,https://dbpedia.org/page/Arnold_Schoenberg,Sämtliche Werke
Collected Works/Series,1,3,Franz,Schubert,"Schubert, Franz ",Man,White,N,Austrian,18,18-19,,1797,1828,N,https://dbpedia.org/page/Franz_Schubert,"Neue Ausgabe sämtlicher Werke (Ser.3:Bd.3:T.B, Ser.5:Bd.4)"
Collected Works/Series,1,1,Clara,Schumann,"Schumann, Clara ",Woman,White,N,German,19,19,,1819,1896,N,https://dbpedia.org/page/Clara_Schumann,Vier Gedichte von Rückert: Opus 12 und WoO 17
Collected Works/Series,1,4,Robert,Schumann,"Schumann, Robert ",Man,White,N,German,19,19,,1810,1856,N,https://dbpedia.org/page/Robert_Schumann,"Neue Ausgabe sämtlicher Werke (Ser.3:Gr.1:Bd.6.2, Ser.6:Bd.9.1, Ser.6:Bd.9.2)"
Collected Works/Series,1,1,Heinrich,Schütz,"Schütz, Heinrich ",Man,White,N,German,16,16-17,,1585,1672,N,https://dbpedia.org/page/Heinrich_Sch%C3%BCtz,Neue Ausgabe sämtlicher Werke
Collected Works/Series,1,2,Alice Mary,Smith,"Smith, Alice Mary ",Woman,White,N,British,19,19,,1839,1884,N,https://dbpedia.org/page/Alice_Mary_Smith,(1) Short orchestral works: Andante for clarinet and orchestra; Intermezzi from The masque of Pandora; (2) Ode to the passions
Collected Works/Series,1,3,Richard,Strauss,"Strauss, Richard ",Man,White,N,German,18,18-19,,1864,1949,N,https://dbpedia.org/page/Richard_Strauss,"Werke = Works (Ser.II Bd.4, Ser.III Bd.3, Ser.VI Bd.4)"
Collected Works/Series,1,1,Georg Philipp,Telemann,"Telemann, Georg Philipp ",Man,White,N,German,17,17-18,,1681,1767,N,https://dbpedia.org/page/Georg_Philipp_Telemann,Musikalische Werke
Collected Works/Series,1,1,Sebastián de,Vivanco,"Vivanco, Sebastián de ",Man,Latinx,Y,Spanish,16,16-17,,ca.1550,1622,N,https://dbpedia.org/page/Sebasti%C3%A1n_de_Vivanco,Liber magnificarum (1607)
Collected Works/Series,1,2,Richard,Wagner,"Wagner, Richard ",Man,White,N,German,19,19,,1813,1883,N,https://dbpedia.org/page/Richard_Wagner,Sämtliche Werke
Collected Works/Series,1,1,Carl Maria von,Weber,"Weber, Carl Maria von ",Man,White,N,German,18,18-19,,1786,1826,N,https://dbpedia.org/page/Carl_Maria_von_Weber,Sämtliche Werke = Complete works
Collected Works/Series,1,1,Giovanni,Stefani,"Stefani, Giovanni ",Man,White,N,Italian,16,16-17,,u,u,N,,Giovanni Stefani's song anthologies 
Collected Works/Series,1,1,Claude,Debussy,"Debussy, Claude ",Man,White,N,French,19,19-20,,1862,1918,N,https://dbpedia.org/page/Claude_Debussy,Œuvres complètes de Claude Debussy
,,,,,,,,,,,,,,,,,
,,,,,,,,,,,,,,,,,
,,,,,,,,,,,,,,,,,
,,,,,,,,,,,,,,,,,
,,,,,,,,,,,,,,,,,
,,,,,,,,,,,,,,,,,
,,,,,,,,,,,,,,,,,
,,,,,,,,,,,,,,,,,
,,,,,,,,,,,,,,,,,
,,,,,,,,,,,,,,,,,
,,,,,,,,,,,,,,,,,
,,,,,,,,,,,,,,,,,
,,,,,,,,,,,,,,,,,
,,,,,,,,,,,,,,,,,
,,,,,,,,,,,,,,,,,
,,,,,,,,,,,,,,,,,
,,,,,,,,,,,,,,,,,
,,,,,,,,,,,,,,,,,
,,,,,,,,,,,,,,,,,
,,,,,,,,,,,,,,,,,
,,,,,,,,,,,,,,,,,
,,,,,,,,,,,,,,,,,
,,,,,,,,,,,,,,,,,
,,,,,,,,,,,,,,,,,
,,,,,,,,,,,,,,,,,
,,,,,,,,,,,,,,,,,
,,,,,,,,,,,,,,,,,
,,,,,,,,,,,,,,,,,
,,,,,,,,,,,,,,,,,
,,,,,,,,,,,,,,,,,
,,,,,,,,,,,,,,,,,
,,,,,,,,,,,,,,,,,
,,,,,,,,,,,,,,,,,
,,,,,,,,,,,,,,,,,
,,,,,,,,,,,,,,,,,
,,,,,,,,,,,,,,,,,
,,,,,,,,,,,,,,,,,
,,,,,,,,,,,,,,,,,
,,,,,,,,,,,,,,,,,
,,,,,,,,,,,,,,,,,
,,,,,,,,,,,,,,,,,
,,,,,,,,,,,,,,,,,
,,,,,,,,,,,,,,,,,
,,,,,,,,,,,,,,,,,
,,,,,,,,,,,,,,,,,
,,,,,,,,,,,,,,,,,
,,,,,,,,,,,,,,,,,
,,,,,,,,,,,,,,,,,
,,,,,,,,,,,,,,,,,
,,,,,,,,,,,,,,,,,
,,,,,,,,,,,,,,,,,
,,,,,,,,,,,,,,,,,
,,,,,,,,,,,,,,,,,
,,,,,,,,,,,,,,,,,
,,,,,,,,,,,,,,,,,
,,,,,,,,,,,,,,,,,
,,,,,,,,,,,,,,,,,
,,,,,,,,,,,,,,,,,
,,,,,,,,,,,,,,,,,
,,,,,,,,,,,,,,,,,
,,,,,,,,,,,,,,,,,
,,,,,,,,,,,,,,,,,
,,,,,,,,,,,,,,,,,
,,,,,,,,,,,,,,,,,
,,,,,,,,,,,,,,,,,
,,,,,,,,,,,,,,,,,
,,,,,,,,,,,,,,,,,
,,,,,,,,,,,,,,,,,
,,,,,,,,,,,,,,,,,
,,,,,,,,,,,,,,,,,
,,,,,,,,,,,,,,,,,
,,,,,,,,,,,,,,,,,
,,,,,,,,,,,,,,,,,
,,,,,,,,,,,,,,,,,
,,,,,,,,,,,,,,,,,
,,,,,,,,,,,,,,,,,
,,,,,,,,,,,,,,,,,
,,,,,,,,,,,,,,,,,
,,,,,,,,,,,,,,,,,
,,,,,,,,,,,,,,,,,
,,,,,,,,,,,,,,,,,
,,,,,,,,,,,,,,,,,
,,,,,,,,,,,,,,,,,
,,,,,,,,,,,,,,,,,
,,,,,,,,,,,,,,,,,
,,,,,,,,,,,,,,,,,
,,,,,,,,,,,,,,,,,
,,,,,,,,,,,,,,,,,
,,,,,,,,,,,,,,,,,
,,,,,,,,,,,,,,,,,
,,,,,,,,,,,,,,,,,
,,,,,,,,,,,,,,,,,
,,,,,,,,,,,,,,,,,
,,,,,,,,,,,,,,,,,
,,,,,,,,,,,,,,,,,
,,,,,,,,,,,,,,,,,
,,,,,,,,,,,,,,,,,
,,,,,,,,,,,,,,,,,
,,,,,,,,,,,,,,,,,
,,,,,,,,,,,,,,,,,
,,,,,,,,,,,,,,,,,
,,,,,,,,,,,,,,,,,
,,,,,,,,,,,,,,,,,
,,,,,,,,,,,,,,,,,
,,,,,,,,,,,,,,,,,
,,,,,,,,,,,,,,,,,
,,,,,,,,,,,,,,,,,
,,,,,,,,,,,,,,,,,
,,,,,,,,,,,,,,,,,
,,,,,,,,,,,,,,,,,
,,,,,,,,,,,,,,,,,
,,,,,,,,,,,,,,,,,
,,,,,,,,,,,,,,,,,
,,,,,,,,,,,,,,,,,
,,,,,,,,,,,,,,,,,
,,,,,,,,,,,,,,,,,
,,,,,,,,,,,,,,,,,
,,,,,,,,,,,,,,,,,
,,,,,,,,,,,,,,,,,
,,,,,,,,,,,,,,,,,
,,,,,,,,,,,,,,,,,
,,,,,,,,,,,,,,,,,
,,,,,,,,,,,,,,,,,
,,,,,,,,,,,,,,,,,
,,,,,,,,,,,,,,,,,
,,,,,,,,,,,,,,,,,
,,,,,,,,,,,,,,,,,
,,,,,,,,,,,,,,,,,
,,,,,,,,,,,,,,,,,
,,,,,,,,,,,,,,,,,
,,,,,,,,,,,,,,,,,
,,,,,,,,,,,,,,,,,
,,,,,,,,,,,,,,,,,
,,,,,,,,,,,,,,,,,
,,,,,,,,,,,,,,,,,
,,,,,,,,,,,,,,,,,
,,,,,,,,,,,,,,,,,
,,,,,,,,,,,,,,,,,
,,,,,,,,,,,,,,,,,
,,,,,,,,,,,,,,,,,
,,,,,,,,,,,,,,,,,
,,,,,,,,,,,,,,,,,
,,,,,,,,,,,,,,,,,
,,,,,,,,,,,,,,,,,
,,,,,,,,,,,,,,,,,
,,,,,,,,,,,,,,,,,
,,,,,,,,,,,,,,,,,
,,,,,,,,,,,,,,,,,
,,,,,,,,,,,,,,,,,
,,,,,,,,,,,,,,,,,
,,,,,,,,,,,,,,,,,
,,,,,,,,,,,,,,,,,
,,,,,,,,,,,,,,,,,
,,,,,,,,,,,,,,,,,
,,,,,,,,,,,,,,,,,
,,,,,,,,,,,,,,,,,
,,,,,,,,,,,,,,,,,
,,,,,,,,,,,,,,,,,
,,,,,,,,,,,,,,,,,
,,,,,,,,,,,,,,,,,
,,,,,,,,,,,,,,,,,
,,,,,,,,,,,,,,,,,
,,,,,,,,,,,,,,,,,
,,,,,,,,,,,,,,,,,
,,,,,,,,,,,,,,,,,
,,,,,,,,,,,,,,,,,
,,,,,,,,,,,,,,,,,
,,,,,,,,,,,,,,,,,
,,,,,,,,,,,,,,,,,
,,,,,,,,,,,,,,,,,
,,,,,,,,,,,,,,,,,
,,,,,,,,,,,,,,,,,
,,,,,,,,,,,,,,,,,
,,,,,,,,,,,,,,,,,
,,,,,,,,,,,,,,,,,
,,,,,,,,,,,,,,,,,
,,,,,,,,,,,,,,,,,
,,,,,,,,,,,,,,,,,
,,,,,,,,,,,,,,,,,
,,,,,,,,,,,,,,,,,
,,,,,,,,,,,,,,,,,
,,,,,,,,,,,,,,,,,
,,,,,,,,,,,,,,,,,
,,,,,,,,,,,,,,,,,
,,,,,,,,,,,,,,,,,
,,,,,,,,,,,,,,,,,
,,,,,,,,,,,,,,,,,
,,,,,,,,,,,,,,,,,
,,,,,,,,,,,,,,,,,
,,,,,,,,,,,,,,,,,
,,,,,,,,,,,,,,,,,
,,,,,,,,,,,,,,,,,
,,,,,,,,,,,,,,,,,
,,,,,,,,,,,,,,,,,
,,,,,,,,,,,,,,,,,
,,,,,,,,,,,,,,,,,
,,,,,,,,,,,,,,,,,
,,,,,,,,,,,,,,,,,
,,,,,,,,,,,,,,,,,
,,,,,,,,,,,,,,,,,
,,,,,,,,,,,,,,,,,
,,,,,,,,,,,,,,,,,
,,,,,,,,,,,,,,,,,
,,,,,,,,,,,,,,,,,
,,,,,,,,,,,,,,,,,
,,,,,,,,,,,,,,,,,
,,,,,,,,,,,,,,,,,
,,,,,,,,,,,,,,,,,
,,,,,,,,,,,,,,,,,
,,,,,,,,,,,,,,,,,
,,,,,,,,,,,,,,,,,
,,,,,,,,,,,,,,,,,
,,,,,,,,,,,,,,,,,
,,,,,,,,,,,,,,,,,
,,,,,,,,,,,,,,,,,
,,,,,,,,,,,,,,,,,
,,,,,,,,,,,,,,,,,
,,,,,,,,,,,,,,,,,
,,,,,,,,,,,,,,,,,
,,,,,,,,,,,,,,,,,
,,,,,,,,,,,,,,,,,
,,,,,,,,,,,,,,,,,
,,,,,,,,,,,,,,,,,
,,,,,,,,,,,,,,,,,
,,,,,,,,,,,,,,,,,
,,,,,,,,,,,,,,,,,
,,,,,,,,,,,,,,,,,
,,,,,,,,,,,,,,,,,
,,,,,,,,,,,,,,,,,
,,,,,,,,,,,,,,,,,
,,,,,,,,,,,,,,,,,
,,,,,,,,,,,,,,,,,
,,,,,,,,,,,,,,,,,
,,,,,,,,,,,,,,,,,
,,,,,,,,,,,,,,,,,
,,,,,,,,,,,,,,,,,
,,,,,,,,,,,,,,,,,
,,,,,,,,,,,,,,,,,
,,,,,,,,,,,,,,,,,
,,,,,,,,,,,,,,,,,
,,,,,,,,,,,,,,,,,
,,,,,,,,,,,,,,,,,
,,,,,,,,,,,,,,,,,
,,,,,,,,,,,,,,,,,
,,,,,,,,,,,,,,,,,
,,,,,,,,,,,,,,,,,
,,,,,,,,,,,,,,,,,
,,,,,,,,,,,,,,,,,
,,,,,,,,,,,,,,,,,
,,,,,,,,,,,,,,,,,
,,,,,,,,,,,,,,,,,
,,,,,,,,,,,,,,,,,
,,,,,,,,,,,,,,,,,
,,,,,,,,,,,,,,,,,
,,,,,,,,,,,,,,,,,
,,,,,,,,,,,,,,,,,
,,,,,,,,,,,,,,,,,
,,,,,,,,,,,,,,,,,
,,,,,,,,,,,,,,,,,
,,,,,,,,,,,,,,,,,
,,,,,,,,,,,,,,,,,
,,,,,,,,,,,,,,,,,
,,,,,,,,,,,,,,,,,
,,,,,,,,,,,,,,,,,
,,,,,,,,,,,,,,,,,
,,,,,,,,,,,,,,,,,
,,,,,,,,,,,,,,,,,
,,,,,,,,,,,,,,,,,
,,,,,,,,,,,,,,,,,
,,,,,,,,,,,,,,,,,
,,,,,,,,,,,,,,,,,
,,,,,,,,,,,,,,,,,
,,,,,,,,,,,,,,,,,
,,,,,,,,,,,,,,,,,
,,,,,,,,,,,,,,,,,
,,,,,,,,,,,,,,,,,
,,,,,,,,,,,,,,,,,
,,,,,,,,,,,,,,,,,
,,,,,,,,,,,,,,,,,
,,,,,,,,,,,,,,,,,
,,,,,,,,,,,,,,,,,
,,,,,,,,,,,,,,,,,
,,,,,,,,,,,,,,,,,
,,,,,,,,,,,,,,,,,
,,,,,,,,,,,,,,,,,
,,,,,,,,,,,,,,,,,
,,,,,,,,,,,,,,,,,
,,,,,,,,,,,,,,,,,
,,,,,,,,,,,,,,,,,
,,,,,,,,,,,,,,,,,
,,,,,,,,,,,,,,,,,
,,,,,,,,,,,,,,,,,
,,,,,,,,,,,,,,,,,
,,,,,,,,,,,,,,,,,
,,,,,,,,,,,,,,,,,
,,,,,,,,,,,,,,,,,
,,,,,,,,,,,,,,,,,
,,,,,,,,,,,,,,,,,
,,,,,,,,,,,,,,,,,
,,,,,,,,,,,,,,,,,
,,,,,,,,,,,,,,,,,
,,,,,,,,,,,,,,,,,
,,,,,,,,,,,,,,,,,
,,,,,,,,,,,,,,,,,
,,,,,,,,,,,,,,,,,
,,,,,,,,,,,,,,,,,
,,,,,,,,,,,,,,,,,
,,,,,,,,,,,,,,,,,
,,,,,,,,,,,,,,,,,
,,,,,,,,,,,,,,,,,
,,,,,,,,,,,,,,,,,
,,,,,,,,,,,,,,,,,
,,,,,,,,,,,,,,,,,
,,,,,,,,,,,,,,,,,
,,,,,,,,,,,,,,,,,
,,,,,,,,,,,,,,,,,
,,,,,,,,,,,,,,,,,
,,,,,,,,,,,,,,,,,
,,,,,,,,,,,,,,,,,
,,,,,,,,,,,,,,,,,
,,,,,,,,,,,,,,,,,
,,,,,,,,,,,,,,,,,
,,,,,,,,,,,,,,,,,
,,,,,,,,,,,,,,,,,
,,,,,,,,,,,,,,,,,
,,,,,,,,,,,,,,,,,
,,,,,,,,,,,,,,,,,
,,,,,,,,,,,,,,,,,
,,,,,,,,,,,,,,,,,
,,,,,,,,,,,,,,,,,
,,,,,,,,,,,,,,,,,
,,,,,,,,,,,,,,,,,
,,,,,,,,,,,,,,,,,
,,,,,,,,,,,,,,,,,
,,,,,,,,,,,,,,,,,
,,,,,,,,,,,,,,,,,
,,,,,,,,,,,,,,,,,
,,,,,,,,,,,,,,,,,
,,,,,,,,,,,,,,,,,
,,,,,,,,,,,,,,,,,
,,,,,,,,,,,,,,,,,
,,,,,,,,,,,,,,,,,
,,,,,,,,,,,,,,,,,
,,,,,,,,,,,,,,,,,
,,,,,,,,,,,,,,,,,
,,,,,,,,,,,,,,,,,
,,,,,,,,,,,,,,,,,
,,,,,,,,,,,,,,,,,
,,,,,,,,,,,,,,,,,
,,,,,,,,,,,,,,,,,
,,,,,,,,,,,,,,,,,
,,,,,,,,,,,,,,,,,
,,,,,,,,,,,,,,,,,
,,,,,,,,,,,,,,,,,
,,,,,,,,,,,,,,,,,
,,,,,,,,,,,,,,,,,
,,,,,,,,,,,,,,,,,
,,,,,,,,,,,,,,,,,
,,,,,,,,,,,,,,,,,
,,,,,,,,,,,,,,,,,
,,,,,,,,,,,,,,,,,
,,,,,,,,,,,,,,,,,
,,,,,,,,,,,,,,,,,
,,,,,,,,,,,,,,,,,
,,,,,,,,,,,,,,,,,
,,,,,,,,,,,,,,,,,
,,,,,,,,,,,,,,,,,
,,,,,,,,,,,,,,,,,
,,,,,,,,,,,,,,,,,
,,,,,,,,,,,,,,,,,
,,,,,,,,,,,,,,,,,
,,,,,,,,,,,,,,,,,
,,,,,,,,,,,,,,,,,
,,,,,,,,,,,,,,,,,
,,,,,,,,,,,,,,,,,
,,,,,,,,,,,,,,,,,
,,,,,,,,,,,,,,,,,
,,,,,,,,,,,,,,,,,
,,,,,,,,,,,,,,,,,
,,,,,,,,,,,,,,,,,
,,,,,,,,,,,,,,,,,
,,,,,,,,,,,,,,,,,
,,,,,,,,,,,,,,,,,
,,,,,,,,,,,,,,,,,
,,,,,,,,,,,,,,,,,
,,,,,,,,,,,,,,,,,
,,,,,,,,,,,,,,,,,
,,,,,,,,,,,,,,,,,
,,,,,,,,,,,,,,,,,
,,,,,,,,,,,,,,,,,
,,,,,,,,,,,,,,,,,
,,,,,,,,,,,,,,,,,
,,,,,,,,,,,,,,,,,
,,,,,,,,,,,,,,,,,
,,,,,,,,,,,,,,,,,
,,,,,,,,,,,,,,,,,
,,,,,,,,,,,,,,,,,
,,,,,,,,,,,,,,,,,
,,,,,,,,,,,,,,,,,
,,,,,,,,,,,,,,,,,
,,,,,,,,,,,,,,,,,
,,,,,,,,,,,,,,,,,
,,,,,,,,,,,,,,,,,
,,,,,,,,,,,,,,,,,
,,,,,,,,,,,,,,,,,
,,,,,,,,,,,,,,,,,
,,,,,,,,,,,,,,,,,
,,,,,,,,,,,,,,,,,
,,,,,,,,,,,,,,,,,
,,,,,,,,,,,,,,,,,
,,,,,,,,,,,,,,,,,
,,,,,,,,,,,,,,,,,
,,,,,,,,,,,,,,,,,
,,,,,,,,,,,,,,,,,
,,,,,,,,,,,,,,,,,
,,,,,,,,,,,,,,,,,
,,,,,,,,,,,,,,,,,
,,,,,,,,,,,,,,,,,
,,,,,,,,,,,,,,,,,
,,,,,,,,,,,,,,,,,
,,,,,,,,,,,,,,,,,
,,,,,,,,,,,,,,,,,
,,,,,,,,,,,,,,,,,
,,,,,,,,,,,,,,,,,
,,,,,,,,,,,,,,,,,
,,,,,,,,,,,,,,,,,
,,,,,,,,,,,,,,,,,
,,,,,,,,,,,,,,,,,
,,,,,,,,,,,,,,,,,
,,,,,,,,,,,,,,,,,
,,,,,,,,,,,,,,,,,
,,,,,,,,,,,,,,,,,
,,,,,,,,,,,,,,,,,
,,,,,,,,,,,,,,,,,
,,,,,,,,,,,,,,,,,
,,,,,,,,,,,,,,,,,
,,,,,,,,,,,,,,,,,
,,,,,,,,,,,,,,,,,
,,,,,,,,,,,,,,,,,
,,,,,,,,,,,,,,,,,
,,,,,,,,,,,,,,,,,
,,,,,,,,,,,,,,,,,
,,,,,,,,,,,,,,,,,
,,,,,,,,,,,,,,,,,
,,,,,,,,,,,,,,,,,
,,,,,,,,,,,,,,,,,
,,,,,,,,,,,,,,,,,
,,,,,,,,,,,,,,,,,
,,,,,,,,,,,,,,,,,
,,,,,,,,,,,,,,,,,
,,,,,,,,,,,,,,,,,
,,,,,,,,,,,,,,,,,
,,,,,,,,,,,,,,,,,
,,,,,,,,,,,,,,,,,
,,,,,,,,,,,,,,,,,
,,,,,,,,,,,,,,,,,
,,,,,,,,,,,,,,,,,
,,,,,,,,,,,,,,,,,
,,,,,,,,,,,,,,,,,
,,,,,,,,,,,,,,,,,
,,,,,,,,,,,,,,,,,
,,,,,,,,,,,,,,,,,
,,,,,,,,,,,,,,,,,
,,,,,,,,,,,,,,,,,
,,,,,,,,,,,,,,,,,
,,,,,,,,,,,,,,,,,
,,,,,,,,,,,,,,,,,
,,,,,,,,,,,,,,,,,
,,,,,,,,,,,,,,,,,
,,,,,,,,,,,,,,,,,
,,,,,,,,,,,,,,,,,
,,,,,,,,,,,,,,,,,
,,,,,,,,,,,,,,,,,
,,,,,,,,,,,,,,,,,
,,,,,,,,,,,,,,,,,
,,,,,,,,,,,,,,,,,
,,,,,,,,,,,,,,,,,
,,,,,,,,,,,,,,,,,
,,,,,,,,,,,,,,,,,
,,,,,,,,,,,,,,,,,
,,,,,,,,,,,,,,,,,
,,,,,,,,,,,,,,,,,
,,,,,,,,,,,,,,,,,
,,,,,,,,,,,,,,,,,
,,,,,,,,,,,,,,,,,
,,,,,,,,,,,,,,,,,
,,,,,,,,,,,,,,,,,
,,,,,,,,,,,,,,,,,
,,,,,,,,,,,,,,,,,
,,,,,,,,,,,,,,,,,
,,,,,,,,,,,,,,,,,
,,,,,,,,,,,,,,,,,
,,,,,,,,,,,,,,,,,
,,,,,,,,,,,,,,,,,
,,,,,,,,,,,,,,,,,
,,,,,,,,,,,,,,,,,
,,,,,,,,,,,,,,,,,
,,,,,,,,,,,,,,,,,
,,,,,,,,,,,,,,,,,
,,,,,,,,,,,,,,,,,
,,,,,,,,,,,,,,,,,
,,,,,,,,,,,,,,,,,
,,,,,,,,,,,,,,,,,
,,,,,,,,,,,,,,,,,
,,,,,,,,,,,,,,,,,
,,,,,,,,,,,,,,,,,
,,,,,,,,,,,,,,,,,
,,,,,,,,,,,,,,,,,
,,,,,,,,,,,,,,,,,
,,,,,,,,,,,,,,,,,
,,,,,,,,,,,,,,,,,
,,,,,,,,,,,,,,,,,
,,,,,,,,,,,,,,,,,
,,,,,,,,,,,,,,,,,
,,,,,,,,,,,,,,,,,
,,,,,,,,,,,,,,,,,
,,,,,,,,,,,,,,,,,
,,,,,,,,,,,,,,,,,
,,,,,,,,,,,,,,,,,
,,,,,,,,,,,,,,,,,
,,,,,,,,,,,,,,,,,
,,,,,,,,,,,,,,,,,
,,,,,,,,,,,,,,,,,
,,,,,,,,,,,,,,,,,
,,,,,,,,,,,,,,,,,
,,,,,,,,,,,,,,,,,
,,,,,,,,,,,,,,,,,
,,,,,,,,,,,,,,,,,
,,,,,,,,,,,,,,,,,
,,,,,,,,,,,,,,,,,
,,,,,,,,,,,,,,,,,
,,,,,,,,,,,,,,,,,
,,,,,,,,,,,,,,,,,
,,,,,,,,,,,,,,,,,
,,,,,,,,,,,,,,,,,
,,,,,,,,,,,,,,,,,
,,,,,,,,,,,,,,,,,
,,,,,,,,,,,,,,,,,
,,,,,,,,,,,,,,,,,
,,,,,,,,,,,,,,,,,
,,,,,,,,,,,,,,,,,
,,,,,,,,,,,,,,,,,
,,,,,,,,,,,,,,,,,
,,,,,,,,,,,,,,,,,
,,,,,,,,,,,,,,,,,
,,,,,,,,,,,,,,,,,
,,,,,,,,,,,,,,,,,
,,,,,,,,,,,,,,,,,
,,,,,,,,,,,,,,,,,
,,,,,,,,,,,,,,,,,
,,,,,,,,,,,,,,,,,
,,,,,,,,,,,,,,,,,
,,,,,,,,,,,,,,,,,
,,,,,,,,,,,,,,,,,
,,,,,,,,,,,,,,,,,
,,,,,,,,,,,,,,,,,
,,,,,,,,,,,,,,,,,
,,,,,,,,,,,,,,,,,
,,,,,,,,,,,,,,,,,
,,,,,,,,,,,,,,,,,
,,,,,,,,,,,,,,,,,
,,,,,,,,,,,,,,,,,
,,,,,,,,,,,,,,,,,
,,,,,,,,,,,,,,,,,
,,,,,,,,,,,,,,,,,
,,,,,,,,,,,,,,,,,
,,,,,,,,,,,,,,,,,
,,,,,,,,,,,,,,,,,
,,,,,,,,,,,,,,,,,
,,,,,,,,,,,,,,,,,
,,,,,,,,,,,,,,,,,
,,,,,,,,,,,,,,,,,
,,,,,,,,,,,,,,,,,
,,,,,,,,,,,,,,,,,
,,,,,,,,,,,,,,,,,
,,,,,,,,,,,,,,,,,
,,,,,,,,,,,,,,,,,
,,,,,,,,,,,,,,,,,
,,,,,,,,,,,,,,,,,
,,,,,,,,,,,,,,,,,
,,,,,,,,,,,,,,,,,
,,,,,,,,,,,,,,,,,
,,,,,,,,,,,,,,,,,
,,,,,,,,,,,,,,,,,
,,,,,,,,,,,,,,,,,
,,,,,,,,,,,,,,,,,
,,,,,,,,,,,,,,,,,
,,,,,,,,,,,,,,,,,
,,,,,,,,,,,,,,,,,
,,,,,,,,,,,,,,,,,
,,,,,,,,,,,,,,,,,
,,,,,,,,,,,,,,,,,
,,,,,,,,,,,,,,,,,
,,,,,,,,,,,,,,,,,
,,,,,,,,,,,,,,,,,
,,,,,,,,,,,,,,,,,
,,,,,,,,,,,,,,,,,
,,,,,,,,,,,,,,,,,
,,,,,,,,,,,,,,,,,
,,,,,,,,,,,,,,,,,
,,,,,,,,,,,,,,,,,
,,,,,,,,,,,,,,,,,
,,,,,,,,,,,,,,,,,
,,,,,,,,,,,,,,,,,
,,,,,,,,,,,,,,,,,
,,,,,,,,,,,,,,,,,
,,,,,,,,,,,,,,,,,
,,,,,,,,,,,,,,,,,
,,,,,,,,,,,,,,,,,
,,,,,,,,,,,,,,,,,
,,,,,,,,,,,,,,,,,
,,,,,,,,,,,,,,,,,
,,,,,,,,,,,,,,,,,
,,,,,,,,,,,,,,,,,
,,,,,,,,,,,,,,,,,
,,,,,,,,,,,,,,,,,
,,,,,,,,,,,,,,,,,
,,,,,,,,,,,,,,,,,
,,,,,,,,,,,,,,,,,
,,,,,,,,,,,,,,,,,
,,,,,,,,,,,,,,,,,
,,,,,,,,,,,,,,,,,
,,,,,,,,,,,,,,,,,
,,,,,,,,,,,,,,,,,
,,,,,,,,,,,,,,,,,
,,,,,,,,,,,,,,,,,
,,,,,,,,,,,,,,,,,
,,,,,,,,,,,,,,,,,
,,,,,,,,,,,,,,,,,
,,,,,,,,,,,,,,,,,
,,,,,,,,,,,,,,,,,
,,,,,,,,,,,,,,,,,
,,,,,,,,,,,,,,,,,
,,,,,,,,,,,,,,,,,
,,,,,,,,,,,,,,,,,
,,,,,,,,,,,,,,,,,
,,,,,,,,,,,,,,,,,
,,,,,,,,,,,,,,,,,
,,,,,,,,,,,,,,,,,
,,,,,,,,,,,,,,,,,
,,,,,,,,,,,,,,,,,
,,,,,,,,,,,,,,,,,
,,,,,,,,,,,,,,,,,
,,,,,,,,,,,,,,,,,
,,,,,,,,,,,,,,,,,
,,,,,,,,,,,,,,,,,
,,,,,,,,,,,,,,,,,
,,,,,,,,,,,,,,,,,
,,,,,,,,,,,,,,,,,
,,,,,,,,,,,,,,,,,
,,,,,,,,,,,,,,,,,
,,,,,,,,,,,,,,,,,
,,,,,,,,,,,,,,,,,
,,,,,,,,,,,,,,,,,
,,,,,,,,,,,,,,,,,
,,,,,,,,,,,,,,,,,
,,,,,,,,,,,,,,,,,
,,,,,,,,,,,,,,,,,
,,,,,,,,,,,,,,,,,
,,,,,,,,,,,,,,,,,
,,,,,,,,,,,,,,,,,
,,,,,,,,,,,,,,,,,
,,,,,,,,,,,,,,,,,
,,,,,,,,,,,,,,,,,
,,,,,,,,,,,,,,,,,
,,,,,,,,,,,,,,,,,
,,,,,,,,,,,,,,,,,
,,,,,,,,,,,,,,,,,
,,,,,,,,,,,,,,,,,
,,,,,,,,,,,,,,,,,
,,,,,,,,,,,,,,,,,
,,,,,,,,,,,,,,,,,
,,,,,,,,,,,,,,,,,
,,,,,,,,,,,,,,,,,
,,,,,,,,,,,,,,,,,
,,,,,,,,,,,,,,,,,
,,,,,,,,,,,,,,,,,
,,,,,,,,,,,,,,,,,
,,,,,,,,,,,,,,,,,
,,,,,,,,,,,,,,,,,
,,,,,,,,,,,,,,,,,
,,,,,,,,,,,,,,,,,
,,,,,,,,,,,,,,,,,
,,,,,,,,,,,,,,,,,
,,,,,,,,,,,,,,,,,
,,,,,,,,,,,,,,,,,
,,,,,,,,,,,,,,,,,
,,,,,,,,,,,,,,,,,
,,,,,,,,,,,,,,,,,
,,,,,,,,,,,,,,,,,
,,,,,,,,,,,,,,,,,
,,,,,,,,,,,,,,,,,
,,,,,,,,,,,,,,,,,
,,,,,,,,,,,,,,,,,
,,,,,,,,,,,,,,,,,
,,,,,,,,,,,,,,,,,
,,,,,,,,,,,,,,,,,
,,,,,,,,,,,,,,,,,
,,,,,,,,,,,,,,,,,
,,,,,,,,,,,,,,,,,
,,,,,,,,,,,,,,,,,
,,,,,,,,,,,,,,,,,
,,,,,,,,,,,,,,,,,
,,,,,,,,,,,,,,,,,
,,,,,,,,,,,,,,,,,
,,,,,,,,,,,,,,,,,
,,,,,,,,,,,,,,,,,
,,,,,,,,,,,,,,,,,
,,,,,,,,,,,,,,,,,
,,,,,,,,,,,,,,,,,
,,,,,,,,,,,,,,,,,
,,,,,,,,,,,,,,,,,
,,,,,,,,,,,,,,,,,
,,,,,,,,,,,,,,,,,
,,,,,,,,,,,,,,,,,
,,,,,,,,,,,,,,,,,
,,,,,,,,,,,,,,,,,
,,,,,,,,,,,,,,,,,
,,,,,,,,,,,,,,,,,
,,,,,,,,,,,,,,,,,
,,,,,,,,,,,,,,,,,
,,,,,,,,,,,,,,,,,
,,,,,,,,,,,,,,,,,
,,,,,,,,,,,,,,,,,
,,,,,,,,,,,,,,,,,
,,,,,,,,,,,,,,,,,
,,,,,,,,,,,,,,,,,
,,,,,,,,,,,,,,,,,
,,,,,,,,,,,,,,,,,
,,,,,,,,,,,,,,,,,
,,,,,,,,,,,,,,,,,
,,,,,,,,,,,,,,,,,
,,,,,,,,,,,,,,,,,
,,,,,,,,,,,,,,,,,
,,,,,,,,,,,,,,,,,
,,,,,,,,,,,,,,,,,
,,,,,,,,,,,,,,,,,
,,,,,,,,,,,,,,,,,
,,,,,,,,,,,,,,,,,
,,,,,,,,,,,,,,,,,
,,,,,,,,,,,,,,,,,
,,,,,,,,,,,,,,,,,
,,,,,,,,,,,,,,,,,
,,,,,,,,,,,,,,,,,
,,,,,,,,,,,,,,,,,
,,,,,,,,,,,,,,,,,
,,,,,,,,,,,,,,,,,
,,,,,,,,,,,,,,,,,
,,,,,,,,,,,,,,,,,
,,,,,,,,,,,,,,,,,
,,,,,,,,,,,,,,,,,
,,,,,,,,,,,,,,,,,
,,,,,,,,,,,,,,,,,
,,,,,,,,,,,,,,,,,
,,,,,,,,,,,,,,,,,
,,,,,,,,,,,,,,,,,
,,,,,,,,,,,,,,,,,
,,,,,,,,,,,,,,,,,
,,,,,,,,,,,,,,,,,
,,,,,,,,,,,,,,,,,
,,,,,,,,,,,,,,,,,
,,,,,,,,,,,,,,,,,
,,,,,,,,,,,,,,,,,
,,,,,,,,,,,,,,,,,
,,,,,,,,,,,,,,,,,
,,,,,,,,,,,,,,,,,
,,,,,,,,,,,,,,,,,
,,,,,,,,,,,,,,,,,
,,,,,,,,,,,,,,,,,
,,,,,,,,,,,,,,,,,
,,,,,,,,,,,,,,,,,
,,,,,,,,,,,,,,,,,
,,,,,,,,,,,,,,,,,
,,,,,,,,,,,,,,,,,
,,,,,,,,,,,,,,,,,
,,,,,,,,,,,,,,,,,
,,,,,,,,,,,,,,,,,
,,,,,,,,,,,,,,,,,
,,,,,,,,,,,,,,,,,
,,,,,,,,,,,,,,,,,
,,,,,,,,,,,,,,,,,
,,,,,,,,,,,,,,,,,
,,,,,,,,,,,,,,,,,
,,,,,,,,,,,,,,,,,
,,,,,,,,,,,,,,,,,
,,,,,,,,,,,,,,,,,
,,,,,,,,,,,,,,,,,
,,,,,,,,,,,,,,,,,
,,,,,,,,,,,,,,,,,
,,,,,,,,,,,,,,,,,
,,,,,,,,,,,,,,,,,
,,,,,,,,,,,,,,,,,